mode,gpus,gpus_per_node,util,algo,dvfs_on,theta,aver_run_E,min_run_E,max_run_E,aver_idle_E,min_idle_E,max_idle_E,aver_turnon_E,min_turnon_E,max_turnon_E,aver_total_E,min_total_E,max_total_E
online,2048,16,1.0,edf+spt,1,1.0,56061226.579573,55824342.927311,56298110.231836,45326472.6,43561898.171776,47091047.028224,40750.0,39615.701664,41884.298336,101428449.179573,99653806.777817,103203091.58133
online,2048,1,1.0,edf+spt,1,1.0,56061226.579573,55824342.927311,56298110.231836,89517.8,88602.625365,90432.974635,193200.0,192104.465101,194295.534899,56343944.379573,56107033.845466,56580854.913681
online,2048,2,1.0,edf+spt,1,1.0,56061226.579573,55824342.927311,56298110.231836,3012310.6,2944157.928959,3080463.271041,108720.0,107856.288079,109583.711921,59182257.179573,58913553.027898,59450961.331249
online,2048,4,1.0,edf+spt,1,1.0,56061226.579573,55824342.927311,56298110.231836,12984417.4,12733503.645148,13235331.154852,69790.0,68740.665137,70839.334863,69115433.979573,68726227.136591,69504640.822556
online,2048,8,1.0,edf+spt,1,1.0,56061226.579573,55824342.927311,56298110.231836,28876953.4,28444716.255079,29309190.544921,50440.0,49335.788335,51544.211665,84988619.979573,84473207.796253,85504032.162894
